cep,logradouro,complemento,unidade,bairro,localidade,uf,estado,regiao,ibge,gia,ddd,siafi,erro
01310-100,Avenida Paulista,de 612 a 1510 - lado par,,Bela Vista,São Paulo,SP,São Paulo,Sudeste,3550308,1004,11,7107,
20040-007,Avenida Rio Branco,de 163 a 185 - lado ímpar,,Centro,Rio de Janeiro,RJ,Rio de Janeiro,Sudeste,3304557,,21,6001,
,,,,,,,,,,,,,true
80020-110,Rua do Rosário,,,Centro,Curitiba,PR,Paraná,Sul,4106902,,41,7535,
90020-025,Avenida Borges de Medeiros,de 0681 a 1261 - lado ímpar,,Centro Histórico,Porto Alegre,RS,Rio Grande do Sul,Sul,4314902,,51,8801,
70070-500,Praça do Buriti,,,Zona Cívico-Administrativa,Brasília,DF,Distrito Federal,Centro-Oeste,5300108,,61,9701,
,,,,,,,,,,,,,true
20030-070,Avenida Calógeras,,,Centro,Rio de Janeiro,RJ,Rio de Janeiro,Sudeste,3304557,,21,6001,
66093-005,Avenida Rômulo Maiorana,até 638/639,,Marco,Belém,PA,Pará,Norte,1501402,,91,0427,
,,,,,,,,,,,,,true
29010-360,Avenida Princesa Isabel,até 320 - lado par,,Centro,Vitória,ES,Espírito Santo,Sudeste,3205309,,27,5705,
,,,,,,,,,,,,,true
,,,,,,,,,,,,,true
69900-080,Rua Plácido de Castro,,,Centro,Rio Branco,AC,Acre,Norte,1200401,,68,0139,
,,,,,,,,,,,,,true
60060-110,Vila Ernestina,,,Centro,Fortaleza,CE,Ceará,Nordeste,2304400,,85,1389,
88010-000,Rua Felipe Schmidt,até 348/349,,Centro,Florianópolis,SC,Santa Catarina,Sul,4205407,,48,8105,
13010-100,Praça Rodrigo Octávio,,,Centro,Campinas,SP,São Paulo,Sudeste,3509502,2446,19,6291,
01310-200,Avenida Paulista,de 1512 a 2132 - lado par,,Bela Vista,São Paulo,SP,São Paulo,Sudeste,3550308,1004,11,7107,
,,,,,,,,,,,,,true
30130-010,Praça Sete de Setembro,,,Centro,Belo Horizonte,MG,Minas Gerais,Sudeste,3106200,,31,4123,
80010-050,Rua Emiliano Perneta,até 370/371,,Centro,Curitiba,PR,Paraná,Sul,4106902,,41,7535,
90020-130,Praça Conde de Porto Alegre,,,Centro Histórico,Porto Alegre,RS,Rio Grande do Sul,Sul,4314902,,51,8801,
,,,,,,,,,,,,,true
,,,,,,,,,,,,,true
20050-030,Rua Gonçalves Dias,,,Centro,Rio de Janeiro,RJ,Rio de Janeiro,Sudeste,3304557,,21,6001,
66093-105,Vila Martins,(Da Av Dq de Caxias),,Marco,Belém,PA,Pará,Norte,1501402,,91,0427,
,,,,,,,,,,,,,true
29010-460,Rua Dionísio Rosendo 1,,,Centro,Vitória,ES,Espírito Santo,Sudeste,3205309,,27,5705,
,,,,,,,,,,,,,true
,,,,,,,,,,,,,true
69900-180,Rua Minas Gerais,de 1009 ao fim - lado ímpar,,Preventório,Rio Branco,AC,Acre,Norte,1200401,,68,0139,
,,,,,,,,,,,,,true
60060-210,Rua Almirante Jaceguai,,,Centro,Fortaleza,CE,Ceará,Nordeste,2304400,,85,1389,
88010-100,Rua Conselheiro Mafra,até 249/250,,Centro,Florianópolis,SC,Santa Catarina,Sul,4205407,,48,8105,
13010-200,Rua Barreto Leme,até 960/961,,Centro,Campinas,SP,São Paulo,Sudeste,3509502,2446,19,6291,
01310-300,Avenida Paulista,de 2134 ao fim - lado par,,Bela Vista,São Paulo,SP,São Paulo,Sudeste,3550308,1004,11,7107,
20040-020,Praça Pio X,lado ímpar,,Centro,Rio de Janeiro,RJ,Rio de Janeiro,Sudeste,3304557,,21,6001,
30140-071,Rua dos Aimorés,de 971/972 a 1399/1400,,Boa Viagem,Belo Horizonte,MG,Minas Gerais,Sudeste,3106200,,31,4123,
80010-150,Rua Monsenhor Celso,,,Centro,Curitiba,PR,Paraná,Sul,4106902,,41,7535,
01310-100,Avenida Paulista,de 612 a 1510 - lado par,,Bela Vista,São Paulo,SP,São Paulo,Sudeste,3550308,1004,11,7107,
20040-020,Praça Pio X,lado ímpar,,Centro,Rio de Janeiro,RJ,Rio de Janeiro,Sudeste,3304557,,21,6001,
30140-071,Rua dos Aimorés,de 971/972 a 1399/1400,,Boa Viagem,Belo Horizonte,MG,Minas Gerais,Sudeste,3106200,,31,4123,
80010-150,Rua Monsenhor Celso,,,Centro,Curitiba,PR,Paraná,Sul,4106902,,41,7535,
90010-160,Rua General Canabarro,,,Centro Histórico,Porto Alegre,RS,Rio Grande do Sul,Sul,4314902,,51,8801,
70040-902,SAUN Quadra 3 Bloco A,,DNER - Núcleo dos Transportes,Asa Norte,Brasília,DF,Distrito Federal,Centro-Oeste,5300108,,61,9701,
40110-160,Rua João das Botas,,,Canela,Salvador,BA,Bahia,Nordeste,2927408,,71,3849,
50010-000,Avenida Guararapes,,,Santo Antônio,Recife,PE,Pernambuco,Nordeste,2611606,,81,2531,
60060-110,Vila Ernestina,,,Centro,Fortaleza,CE,Ceará,Nordeste,2304400,,85,1389,
69025-160,Beco Perdiz,,,Presidente Vargas,Manaus,AM,Amazonas,Norte,1302603,,92,0255,
59014-130,Rua Teófilo Brandão,,,Areia Preta,Natal,RN,Rio Grande do Norte,Nordeste,2408102,,84,1761,
88015-100,Avenida Prefeito Osmar Cunha,,,Centro,Florianópolis,SC,Santa Catarina,Sul,4205407,,48,8105,
78005-080,Travessa Vinte e Um de Abril,,,Centro-Norte,Cuiabá,MT,Mato Grosso,Centro-Oeste,5103403,,65,9067,
,,,,,,,,,,,,,true
,,,,,,,,,,,,,true
30130-100,Avenida Professor Alfredo Balena,lado par,,Santa Efigênia,Belo Horizonte,MG,Minas Gerais,Sudeste,3106200,,31,4123,
80020-160,Travessa Padre Júlio de Campos,,,Centro,Curitiba,PR,Paraná,Sul,4106902,,41,7535,
90020-000,Rua dos Andradas,até 419/420,,Centro Histórico,Porto Alegre,RS,Rio Grande do Sul,Sul,4314902,,51,8801,
70040-010,Quadra SBN Quadra 1,,,Asa Norte,Brasília,DF,Distrito Federal,Centro-Oeste,5300108,,61,9701,
40110-020,Rua Desembargador Gonçalves,,,Canela,Salvador,BA,Bahia,Nordeste,2927408,,71,3849,
50010-020,Rua Ulhoa Cintra,,,Santo Antônio,Recife,PE,Pernambuco,Nordeste,2611606,,81,2531,
60060-120,Rua Vinte e Cinco de Março,,,Centro,Fortaleza,CE,Ceará,Nordeste,2304400,,85,1389,
69025-180,Beco da Legião,,,Presidente Vargas,Manaus,AM,Amazonas,Norte,1302603,,92,0255,
59014-140,Rua Alan Kardec,,,Petrópolis,Natal,RN,Rio Grande do Norte,Nordeste,2408102,,84,1761,
88015-110,Rua Antônio Dib Mussi,,,Centro,Florianópolis,SC,Santa Catarina,Sul,4205407,,48,8105,
78005-100,Avenida Marechal Deodoro,de 949/950 a 1898/1899,,Centro-Norte,Cuiabá,MT,Mato Grosso,Centro-Oeste,5103403,,65,9067,
,,,,,,,,,,,,,true
,,,,,,,,,,,,,true
30130-110,Alameda Ezequiel Dias,,,Centro,Belo Horizonte,MG,Minas Gerais,Sudeste,3106200,,31,4123,
80020-170,Rua Doutor Claudino dos Santos,,,São Francisco,Curitiba,PR,Paraná,Sul,4106902,,41,7535,
90020-010,Rua dos Andradas,de 1402 a 1580 - lado par,,Centro Histórico,Porto Alegre,RS,Rio Grande do Sul,Sul,4314902,,51,8801,
70040-020,Quadra SBN Quadra 2,,,Asa Norte,Brasília,DF,Distrito Federal,Centro-Oeste,5300108,,61,9701,
40110-030,Vila Ferraro,,,Canela,Salvador,BA,Bahia,Nordeste,2927408,,71,3849,
50010-030,Rua Frei Vicente do Salvador,,,Santo Antônio,Recife,PE,Pernambuco,Nordeste,2611606,,81,2531,
60060-130,Rua Deputado João Lopes,,,Centro,Fortaleza,CE,Ceará,Nordeste,2304400,,85,1389,
69025-190,Travessa Nhamundá,,,Centro,Manaus,AM,Amazonas,Norte,1302603,,92,0255,
59014-150,Rua Trairi,de 761/762 a 805/806,,Petrópolis,Natal,RN,Rio Grande do Norte,Nordeste,2408102,,84,1761,
88015-120,Rua Dom Jaime Câmara,,,Centro,Florianópolis,SC,Santa Catarina,Sul,4205407,,48,8105,
78005-110,Praça Visconde de Taunay,,,Centro-Norte,Cuiabá,MT,Mato Grosso,Centro-Oeste,5103403,,65,9067,
,,,,,,,,,,,,,true
